,avg_vote,reddit_discussion_count,total_gross
avg_vote,1.0,0.4695256576057942,0.45318015724160104
reddit_discussion_count,0.4695256576057942,1.0,0.0535986962202361
total_gross,0.45318015724160104,0.0535986962202361,1.0
