,avg_vote,reddit_discussion_count,total_gross
avg_vote,1.0,0.4500866801088115,0.4531801572416009
reddit_discussion_count,0.4500866801088115,1.0,0.052599261643078724
total_gross,0.4531801572416009,0.052599261643078724,1.0
