,avg_vote,reddit_discussion_count,total_gross
avg_vote,1.0,0.46952565760579446,0.45318015724160127
reddit_discussion_count,0.46952565760579446,1.0,0.05359869622023615
total_gross,0.45318015724160127,0.05359869622023615,1.0
